Oh no Cringe but its Swedish,ij05WVilmsY
Oh No Cringe but its Romanian,68tw0quA6N8
oh no cringe (arab version),ILUQ_Kw9rtA
Oh No Cringe but it's Scottish,qtj3AnVM4PI
Oh No Cringe but its Mexican,7p6SwDz7OE0
Oh No Cringe but it's Russian,yYNWl0bvqEE
Oh No Cringe but its Asian,2aqNJ3Is880
Oh no cringe but its ÄŒESKY,qlelpk-4RKs
Oh no Cringe (Japanese),MAcpS-KUB_8
Oh no Cringe (Indian),H4sKLn4qskA
Oh no cringe,J593E2VYvYQ
Oh no cringe but French,sdbHtJEBR4E
Oh no cringe but itâ€™s Italian,MPU82NZoyLY
"Oh no, Cringe.",tVtaZ_UvATA
Oh no Cringe (Argentinian),YoecJDwA6Vw
"Oh no Cringe, but Libyan version",0PZ50Xob45Y
Oh No Cringe but as a Malaysian,K2uxlVqcEM4
Oh no cringe! (American),ulop8fwc26E
Oh no Cringe but it's Canadian,mc04_m5ukLQ
Oh No Cringe but its Polish,EwIBTr2B2LI
Oh no cringe but in bangla,fCSddSshjGw
oh no cringe (Turkish),2SvPn-XUh90
oh no cringe (Yemeni version),VbY3lttMCa8
Oh no cringe but it's irish,L0nLKacM6mA
Oh no cringe but its Ukrainian,WdEojqISQDg
Oh No Cringe (Extreme German Version),9Z6eqiXtARY
Oh No Cringe (Algerian version),GsPaqL909SA
Oh No Cringe but its Norwegian,bUDz7BWIMM8
"Oh no, Cringe (Brazil)",NgPfEA-PZ8M
Oh no Cringe - saddam hussein,iazRpfQJWds
Oh no cringe but its belgian,85lhqf0Q_jw
Oh no cringe pero es de Bolivia,LVpjqKyP1Xk
Oh No Cringe but it's British,eGhQiFd2HoQ
oh no cringe (Persian edition),QOsRX7mXyp0
oh no kuwi cringe,HPeRF7wRzFI
Oh no cringe~ [ Thai verðŸ‡¹ðŸ‡­ ] (Northeast) 2,NqWuOcNmrBk
oh no cringe (Hungarian Edition),5p0H-bzeQ8c
Oh no Cringe (Israeli),tMAqyVaox-0
oh no cringe (Greek version),Q3WqsAsam3g
Oh No Cringe (Southern),HGqg5LSwwdY
Oh no cringe but it's Dutch,PLKblvl9qjM
Oh no cringe but itâ€™s slav,tQe9Sl4AGnA
Oh no cringe (Earthbound),2FZtKwmzoCY
Oh no cringe but itâ€™s the vietcong,2a20WLnJ9p0
